slug,name,scientificname,completeness_score,classification,priority,missing_fields
acacia-confusa,acacia confusa,,2,weak,low,scientificname; effects / therapeuticUses; preparation; region
acacia-maidenii,acacia maidenii,,2,weak,low,scientificname; effects / therapeuticUses; preparation; region
vachellia-nilotica,acacia nilotica,,2,weak,low,scientificname; effects / therapeuticUses; preparation; region
acorus-americanus,acorus americanus,,2,weak,low,scientificname; effects / therapeuticUses; preparation; region
acorus-calamus,acorus calamus,,2,weak,low,scientificname; effects / therapeuticUses; preparation; region
acorus-calamus-angustatus,acorus calamus var. angustatus,,2,weak,low,scientificname; effects / therapeuticUses; preparation; region
acorus-gramineus,acorus gramineus,,2,weak,low,scientificname; effects / therapeuticUses; preparation; region
adhatoda-vasica,adhatoda vasica,,2,weak,low,scientificname; effects / therapeuticUses; preparation; region
aegle-marmelos,aegle marmelos,,2,weak,low,scientificname; effects / therapeuticUses; preparation; region
african-dream-root,african dream root,,2,weak,low,scientificname; effects / therapeuticUses; preparation; region
albizia-julibrissin,albizia julibrissin,,2,weak,low,scientificname; effects / therapeuticUses; preparation; region
alchornea-castaneifolia,alchornea castaneifolia,,2,weak,low,scientificname; effects / therapeuticUses; preparation; region
aloysia-citrodora,aloysia citrodora,,2,weak,low,scientificname; effects / therapeuticUses; preparation; region
alpinia-galanga,alpinia galanga,,2,weak,low,scientificname; effects / therapeuticUses; preparation; region
amanita-muscaria,amanita muscaria,,2,weak,low,scientificname; effects / therapeuticUses; preparation; region
amanita-pantherina,amanita pantherina,,2,weak,low,scientificname; effects / therapeuticUses; preparation; region
american-ginseng,american ginseng,,2,weak,low,scientificname; effects / therapeuticUses; preparation; region
nelumbo-lutea,american yellow lotus,,2,weak,low,scientificname; effects / therapeuticUses; preparation; region
amorpha-fruticosa,amorpha fruticosa,,2,weak,low,scientificname; effects / therapeuticUses; preparation; region
anadenanthera-colubrina,anadenanthera colubrina,,2,weak,low,scientificname; effects / therapeuticUses; preparation; region
anadenanthera-colubrina-ceb-l,anadenanthera colubrina (cebíl),,2,weak,low,scientificname; effects / therapeuticUses; preparation; region
anadenanthera-peregrina,anadenanthera peregrina,,2,weak,low,scientificname; effects / therapeuticUses; preparation; region
anemone-pulsatilla,anemone pulsatilla,,2,weak,low,scientificname; effects / therapeuticUses; preparation; region
aquilaria-malaccensis,aquilaria malaccensis,,2,weak,low,scientificname; effects / therapeuticUses; preparation; region
argemone-mexicana,argemone mexicana,,2,weak,low,scientificname; effects / therapeuticUses; preparation; region
argyreia-nervosa,argyreia nervosa,,2,weak,low,scientificname; effects / therapeuticUses; preparation; region
argyreia-speciosa,argyreia speciosa,,2,weak,low,scientificname; effects / therapeuticUses; preparation; region
artemisia-abrotanum,artemisia abrotanum,,2,weak,low,scientificname; effects / therapeuticUses; preparation; region
artemisia-absinthium,artemisia absinthium,,2,weak,low,scientificname; effects / therapeuticUses; preparation; region
artemisia-ludoviciana,artemisia ludoviciana,,2,weak,low,scientificname; effects / therapeuticUses; preparation; region
artemisia-vulgaris-mugwort,artemisia vulgaris (mugwort),,2,weak,low,scientificname; effects / therapeuticUses; preparation; region
arundo-donax,arundo donax,,2,weak,low,scientificname; effects / therapeuticUses; preparation; region
asarum-canadense,asarum canadense,,2,weak,low,scientificname; effects / therapeuticUses; preparation; region
asclepias-syriaca,asclepias syriaca,,2,weak,low,scientificname; effects / therapeuticUses; preparation; region
withania-somnifera,ashwagandha,,2,weak,low,scientificname; effects / therapeuticUses; preparation; region
asian-ginseng,asian ginseng,,2,weak,low,scientificname; effects / therapeuticUses; preparation; region
avena-sativa,avena sativa,,2,weak,low,scientificname; effects / therapeuticUses; preparation; region
ayahuasca,ayahuasca,,2,weak,low,scientificname; effects / therapeuticUses; preparation; region
bacopa,bacopa,,2,weak,low,scientificname; effects / therapeuticUses; preparation; region
bacopa-monnieri,bacopa monnieri,,2,weak,low,scientificname; effects / therapeuticUses; preparation; region
banisteriopsis-caapi,banisteriopsis caapi,,2,weak,low,scientificname; effects / therapeuticUses; preparation; region
baybean,baybean,,2,weak,low,scientificname; effects / therapeuticUses; preparation; region
belladonna,belladonna,,2,weak,low,scientificname; effects / therapeuticUses; preparation; region
betel-nut,betel nut,,2,weak,low,scientificname; effects / therapeuticUses; preparation; region
betula-lenta,betula lenta,,2,weak,low,scientificname; effects / therapeuticUses; preparation; region
nymphaea-caerulea,blue lotus,,2,weak,low,scientificname; effects / therapeuticUses; preparation; region
blue-lotus-nymphaea-caerulea,blue lotus (nymphaea caerulea),,2,weak,low,scientificname; effects / therapeuticUses; preparation; region
verbena-hastata,blue vervain,,2,weak,low,scientificname; effects / therapeuticUses; preparation; region
bobinsana,bobinsana,,2,weak,low,scientificname; effects / therapeuticUses; preparation; region
boldo,boldo,,2,weak,low,scientificname; effects / therapeuticUses; preparation; region
bolivian-torch,bolivian torch,,2,weak,low,scientificname; effects / therapeuticUses; preparation; region
brugmansia,brugmansia,,2,weak,low,scientificname; effects / therapeuticUses; preparation; region
brugmansia-suaveolens,brugmansia suaveolens,,2,weak,low,scientificname; effects / therapeuticUses; preparation; region
brunfelsia-grandiflora,brunfelsia grandiflora,,2,weak,low,scientificname; effects / therapeuticUses; preparation; region
byrsonima-crassifolia,byrsonima crassifolia,,2,weak,low,scientificname; effects / therapeuticUses; preparation; region
caapi,caapi,,2,weak,low,scientificname; effects / therapeuticUses; preparation; region
caesalpinia-sepiaria,caesalpinia sepiaria,,2,weak,low,scientificname; effects / therapeuticUses; preparation; region
calamus,calamus,,2,weak,low,scientificname; effects / therapeuticUses; preparation; region
calea-ternifolia,calea ternifolia,,2,weak,low,scientificname; effects / therapeuticUses; preparation; region
calea-zacatechichi,calea zacatechichi,,2,weak,low,scientificname; effects / therapeuticUses; preparation; region
california-poppy,california poppy,,2,weak,low,scientificname; effects / therapeuticUses; preparation; region
calliandra-angustifolia,calliandra angustifolia,,2,weak,low,scientificname; effects / therapeuticUses; preparation; region
camellia-japonica,camellia japonica,,2,weak,low,scientificname; effects / therapeuticUses; preparation; region
camellia-sinensis,camellia sinensis,,2,weak,low,scientificname; effects / therapeuticUses; preparation; region
campsiandra-angustifolia,campsiandra angustifolia,,2,weak,low,scientificname; effects / therapeuticUses; preparation; region
cananga-odorata,cananga odorata,,2,weak,low,scientificname; effects / therapeuticUses; preparation; region
cannabis-sativa,cannabis sativa,,2,weak,low,scientificname; effects / therapeuticUses; preparation; region
capsicum-annuum,capsicum annuum,,2,weak,low,scientificname; effects / therapeuticUses; preparation; region
carica-papaya,carica papaya,,2,weak,low,scientificname; effects / therapeuticUses; preparation; region
carolina-jessamine,carolina jessamine,,2,weak,low,scientificname; effects / therapeuticUses; preparation; region
casimiroa-edulis,casimiroa edulis,,2,weak,low,scientificname; effects / therapeuticUses; preparation; region
catha-edulis,catha edulis,,2,weak,low,scientificname; effects / therapeuticUses; preparation; region
nepeta-cataria,catnip,,2,weak,low,scientificname; effects / therapeuticUses; preparation; region
catuaba,catuaba,,2,weak,low,scientificname; effects / therapeuticUses; preparation; region
cbd,cbd,,2,weak,low,scientificname; effects / therapeuticUses; preparation; region
celastrus-paniculatus,celastrus paniculatus,,2,weak,low,scientificname; effects / therapeuticUses; preparation; region
celastrus-paniculatus-intellect-tree,celastrus paniculatus (intellect tree),,2,weak,low,scientificname; effects / therapeuticUses; preparation; region
centella-asiatica,centella asiatica,,2,weak,low,scientificname; effects / therapeuticUses; preparation; region
cestrum-nocturnum,cestrum nocturnum,,2,weak,low,scientificname; effects / therapeuticUses; preparation; region
psychotria-viridis,chacruna,,2,weak,low,scientificname; effects / therapeuticUses; preparation; region
chaliponga,chaliponga,,2,weak,low,scientificname; effects / therapeuticUses; preparation; region
matricaria-chamomilla,chamomile,,2,weak,low,scientificname; effects / therapeuticUses; preparation; region
vitex-agnus-castus,chaste tree,,2,weak,low,scientificname; effects / therapeuticUses; preparation; region
chiric-sanango,chiric sanango,,2,weak,low,scientificname; effects / therapeuticUses; preparation; region
cichorium-intybus,cichorium intybus,,2,weak,low,scientificname; effects / therapeuticUses; preparation; region
cissampelos-pareira,cissampelos pareira,,2,weak,low,scientificname; effects / therapeuticUses; preparation; region
claviceps-purpurea,claviceps purpurea,,2,weak,low,scientificname; effects / therapeuticUses; preparation; region
clavo-huasca,clavo huasca,,2,weak,low,scientificname; effects / therapeuticUses; preparation; region
clitoria-ternatea,clitoria ternatea,,2,weak,low,scientificname; effects / therapeuticUses; preparation; region
lycopodium-clavatum,club moss,,2,weak,low,scientificname; effects / therapeuticUses; preparation; region
coca,coca,,2,weak,low,scientificname; effects / therapeuticUses; preparation; region
coca-leaf,coca leaf,,2,weak,low,scientificname; effects / therapeuticUses; preparation; region
coffee,coffee,,2,weak,low,scientificname; effects / therapeuticUses; preparation; region
cola-acuminata,cola acuminata,,2,weak,low,scientificname; effects / therapeuticUses; preparation; region
cola-nitida,cola nitida,,2,weak,low,scientificname; effects / therapeuticUses; preparation; region
coleus-blumei,coleus blumei,,2,weak,low,scientificname; effects / therapeuticUses; preparation; region
tussilago-farfara,coltsfoot,,2,weak,low,scientificname; effects / therapeuticUses; preparation; region
combretum-quadrangulare,combretum quadrangulare,,2,weak,low,scientificname; effects / therapeuticUses; preparation; region
convolvulus-arvensis,convolvulus arvensis,,2,weak,low,scientificname; effects / therapeuticUses; preparation; region
copal,copal,,2,weak,low,scientificname; effects / therapeuticUses; preparation; region
zea-mays-stigma,corn silk,,2,weak,low,scientificname; effects / therapeuticUses; preparation; region
corydalis-yanhusuo,corydalis yanhusuo,,2,weak,low,scientificname; effects / therapeuticUses; preparation; region
viburnum-opulus,cramp bark,,2,weak,low,scientificname; effects / therapeuticUses; preparation; region
crataegus-monogyna,crataegus monogyna,,2,weak,low,scientificname; effects / therapeuticUses; preparation; region
crocus-sativus,crocus sativus,,2,weak,low,scientificname; effects / therapeuticUses; preparation; region
cyperus-articulatus,cyperus articulatus,,2,weak,low,scientificname; effects / therapeuticUses; preparation; region
cytisus-scoparius,cytisus scoparius,,2,weak,low,scientificname; effects / therapeuticUses; preparation; region
damiana,damiana,,2,weak,low,scientificname; effects / therapeuticUses; preparation; region
datura-inoxia,datura inoxia,,2,weak,low,scientificname; effects / therapeuticUses; preparation; region
datura-metel,datura metel,,2,weak,low,scientificname; effects / therapeuticUses; preparation; region
derris-elliptica,derris elliptica,Derris elliptica,6,ready_for_research,high,
desfontainia-spinosa,desfontainia spinosa,,2,weak,low,scientificname; effects / therapeuticUses; preparation; region
desmanthus-illinoensis,desmanthus illinoensis,,2,weak,low,scientificname; effects / therapeuticUses; preparation; region
desmodium-adscendens,desmodium adscendens,,2,weak,low,scientificname; effects / therapeuticUses; preparation; region
desmodium-gangeticum,desmodium gangeticum,,2,weak,low,scientificname; effects / therapeuticUses; preparation; region
dioscorea-villosa,dioscorea villosa,,2,weak,low,scientificname; effects / therapeuticUses; preparation; region
dream-herb,dream herb,Calea ternifolia,4,ready_for_research,medium,preparation; region
duboisia-hopwoodii,duboisia hopwoodii,Duboisia hopwoodii,6,ready_for_research,high,
urtica-urens,dwarf nettle,,2,weak,low,scientificname; effects / therapeuticUses; preparation; region
dysphania-ambrosioides,dysphania ambrosioides,,2,weak,low,scientificname; effects / therapeuticUses; preparation; region
echinacea-purpurea,echinacea purpurea,,2,weak,low,scientificname; effects / therapeuticUses; preparation; region
echinopsis-pachanoi,echinopsis pachanoi,,2,weak,low,scientificname; effects / therapeuticUses; preparation; region
elaeagnus-angustifolia,elaeagnus angustifolia,,2,weak,low,scientificname; effects / therapeuticUses; preparation; region
eleutherococcus-senticosus,eleutherococcus senticosus,,2,weak,low,scientificname; effects / therapeuticUses; preparation; region
eleutherococcus-senticosus-siberian-ginseng,eleutherococcus senticosus (siberian ginseng),,2,weak,low,scientificname; effects / therapeuticUses; preparation; region
elsholtzia-ciliata,elsholtzia ciliata,,2,weak,low,scientificname; effects / therapeuticUses; preparation; region
entada-rheedii,entada rheedii,,2,weak,low,scientificname; effects / therapeuticUses; preparation; region
ephedra,ephedra,Ephedra sinica,4,ready_for_research,medium,preparation; region
ephedra-sinica,ephedra sinica,,2,weak,low,scientificname; effects / therapeuticUses; preparation; region
erythrina-americana,erythrina americana,,2,weak,low,scientificname; effects / therapeuticUses; preparation; region
erythrina-mulungu,erythrina mulungu,,2,weak,low,scientificname; effects / therapeuticUses; preparation; region
erythroxylum-catuaba,erythroxylum catuaba,,2,weak,low,scientificname; effects / therapeuticUses; preparation; region
erythroxylum-coca,erythroxylum coca,,2,weak,low,scientificname; effects / therapeuticUses; preparation; region
eschscholzia-californica,eschscholzia californica,,2,weak,low,scientificname; effects / therapeuticUses; preparation; region
espeletia-grandiflora,espeletia grandiflora,,2,weak,low,scientificname; effects / therapeuticUses; preparation; region
ficus-religiosa,ficus religiosa,,2,weak,low,scientificname; effects / therapeuticUses; preparation; region
vitex-negundo,five-leaved chaste tree,,2,weak,low,scientificname; effects / therapeuticUses; preparation; region
flame-lily,flame lily,,2,weak,low,scientificname; effects / therapeuticUses; preparation; region
foxglove,foxglove,,2,weak,low,scientificname; effects / therapeuticUses; preparation; region
frankincense-boswellia,frankincense (boswellia),,2,weak,low,scientificname; effects / therapeuticUses; preparation; region
galbulimima-belgraveana,galbulimima belgraveana,,2,weak,low,scientificname; effects / therapeuticUses; preparation; region
galphimia-glauca,galphimia glauca,,2,weak,low,scientificname; effects / therapeuticUses; preparation; region
impatiens-balsamina,garden balsam,,2,weak,low,scientificname; effects / therapeuticUses; preparation; region
gastrodia-elata,gastrodia elata,,2,weak,low,scientificname; effects / therapeuticUses; preparation; region
gelsemium-sempervirens,gelsemium sempervirens,,2,weak,low,scientificname; effects / therapeuticUses; preparation; region
genipa-americana,genipa americana,,2,weak,low,scientificname; effects / therapeuticUses; preparation; region
giant-reed,giant reed,,2,weak,low,scientificname; effects / therapeuticUses; preparation; region
zingiber-officinale,ginger,,2,weak,low,scientificname; effects / therapeuticUses; preparation; region
ginkgo-biloba,ginkgo biloba,,2,weak,low,scientificname; effects / therapeuticUses; preparation; region
gliricidia-sepium,gliricidia sepium,,2,weak,low,scientificname; effects / therapeuticUses; preparation; region
ulex-europaeus,gorse,,2,weak,low,scientificname; effects / therapeuticUses; preparation; region
gotu-kola,gotu kola,Centella asiatica,4,ready_for_research,high,preparation; region
xylopia-aethiopica,grains of selim,,2,weak,low,scientificname; effects / therapeuticUses; preparation; region
vitis-vinifera,grape seed,,2,weak,low,scientificname; effects / therapeuticUses; preparation; region
guarana,guarana,,2,weak,low,scientificname; effects / therapeuticUses; preparation; region
paullinia-cupana,guaraná,,2,weak,low,scientificname; effects / therapeuticUses; preparation; region
ilex-guayusa,guayusa,,2,weak,low,scientificname; effects / therapeuticUses; preparation; region
gymnema-sylvestre,gymnema sylvestre,,2,weak,low,scientificname; effects / therapeuticUses; preparation; region
gynostemma-pentaphyllum,gynostemma pentaphyllum,,2,weak,low,scientificname; effects / therapeuticUses; preparation; region
hawaiian-baby-woodrose,hawaiian baby woodrose,,2,weak,low,scientificname; effects / therapeuticUses; preparation; region
viola-tricolor,heartsease,,2,weak,low,scientificname; effects / therapeuticUses; preparation; region
heimia,heimia,Heimia spp.,4,ready_for_research,medium,preparation; region
heimia-myrtifolia,heimia myrtifolia,,2,weak,low,scientificname; effects / therapeuticUses; preparation; region
heimia-salicifolia,heimia salicifolia,,2,weak,low,scientificname; effects / therapeuticUses; preparation; region
heimia-salicifolia-sinicuichi,heimia salicifolia (sinicuichi),Heimia salicifolia,6,ready_for_research,high,
helichrysum-odoratissimum,helichrysum odoratissimum,,2,weak,low,scientificname; effects / therapeuticUses; preparation; region
henbane,henbane,,5,partial,high,scientificname
hibiscus-sabdariffa,hibiscus sabdariffa,,2,weak,low,scientificname; effects / therapeuticUses; preparation; region
valeriana-wallichii,himalayan valerian,,2,weak,low,scientificname; effects / therapeuticUses; preparation; region
ocimum-sanctum,holy basil,,2,weak,low,scientificname; effects / therapeuticUses; preparation; region
hop-flowers,hop flowers,,2,weak,low,scientificname; effects / therapeuticUses; preparation; region
hops,hops,Humulus lupulus,4,ready_for_research,medium,preparation; region
horny-goat-weed,horny goat weed,Epimedium spp.,4,ready_for_research,medium,preparation; region
huperzia-serrata,huperzia serrata,,2,weak,low,scientificname; effects / therapeuticUses; preparation; region
hyoscyamus-niger,hyoscyamus niger,Hyoscyamus niger,6,ready_for_research,high,
hypericum-perforatum,hypericum perforatum,,2,weak,low,scientificname; effects / therapeuticUses; preparation; region
hyssopus-officinalis,hyssopus officinalis,,2,weak,low,scientificname; effects / therapeuticUses; preparation; region
iboga,iboga,Tabernanthe iboga,4,ready_for_research,medium,preparation; region
ilex-vomitoria,ilex vomitoria,,2,weak,low,scientificname; effects / therapeuticUses; preparation; region
indian-lotus,indian lotus,,2,weak,low,scientificname; effects / therapeuticUses; preparation; region
indian-pipe,indian pipe,,2,weak,low,scientificname; effects / therapeuticUses; preparation; region
indian-warrior,indian warrior,Pedicularis densiflora,4,ready_for_research,medium,preparation; region
ipomoea-tricolor-heavenly-blue,ipomoea tricolor (heavenly blue),,5,partial,high,scientificname
jimson-weed,jimson weed,,2,weak,low,scientificname; effects / therapeuticUses; preparation; region
ziziphus-jujuba,jujube,,2,weak,low,scientificname; effects / therapeuticUses; preparation; region
justicia-adhatoda,justicia adhatoda,,2,weak,low,scientificname; effects / therapeuticUses; preparation; region
justicia-pectoralis,justicia pectoralis,,2,weak,low,scientificname; effects / therapeuticUses; preparation; region
kana,kana,Sceletium tortuosum,4,ready_for_research,medium,preparation; region
sceletium-tortuosum,kanna,,2,weak,low,scientificname; effects / therapeuticUses; preparation; region
kava,kava,,2,weak,low,scientificname; effects / therapeuticUses; preparation; region
khat,khat,,2,weak,low,scientificname; effects / therapeuticUses; preparation; region
kieli,kieli,,2,weak,low,scientificname; effects / therapeuticUses; preparation; region
klip-dagga,klip dagga,Leonotis nepetifolia,4,ready_for_research,medium,preparation; region
kra-thum-na-kok,kra thum na / kok,Mitragyna javanica / Mitragyna hirsuta,6,ready_for_research,high,
mitragyna-speciosa,kratom,,2,weak,low,scientificname; effects / therapeuticUses; preparation; region
kratom-hybrids,kratom hybrids,,2,weak,low,scientificname; effects / therapeuticUses; preparation; region
lactuca-canadensis,lactuca canadensis,,2,weak,low,scientificname; effects / therapeuticUses; preparation; region
lagochilus-inebrians,lagochilus inebrians,,2,weak,low,scientificname; effects / therapeuticUses; preparation; region
lavandula-angustifolia,lavandula angustifolia,,2,weak,low,scientificname; effects / therapeuticUses; preparation; region
lavender,lavender,Lavandula angustifolia,4,ready_for_research,high,preparation; region
melissa-officinalis,lemon balm,,2,weak,low,scientificname; effects / therapeuticUses; preparation; region
leonotis-leonurus,leonotis leonurus,,2,weak,low,scientificname; effects / therapeuticUses; preparation; region
leonurus-sibiricus,leonurus sibiricus,,2,weak,low,scientificname; effects / therapeuticUses; preparation; region
vinca-minor,lesser periwinkle,,2,weak,low,scientificname; effects / therapeuticUses; preparation; region
tilia-europaea,linden,,2,weak,low,scientificname; effects / therapeuticUses; preparation; region
lion-s-mane,lion's mane,,2,weak,low,scientificname; effects / therapeuticUses; preparation; region
hericium-erinaceus,lion’s mane,,2,weak,low,scientificname; effects / therapeuticUses; preparation; region
lion-s-tail,lion’s tail,Leonotis leonurus,4,ready_for_research,medium,preparation; region
lobelia-inflata,lobelia inflata,,2,weak,low,scientificname; effects / therapeuticUses; preparation; region
lsd,lsd,Lysergic acid diethylamide,6,ready_for_research,high,
lepidium-meyenii,maca,,2,weak,low,scientificname; effects / therapeuticUses; preparation; region
maca-root,maca root,Lepidium meyenii,4,ready_for_research,high,preparation; region
zornia-latifolia,maconha brava,,2,weak,low,scientificname; effects / therapeuticUses; preparation; region
mandragora-officinarum,mandrake,,2,weak,low,scientificname; effects / therapeuticUses; preparation; region
mandrake-root,mandrake root,,5,partial,high,scientificname
mapacho,mapacho,Nicotiana rustica,6,ready_for_research,high,
marrubium-vulgare,marrubium vulgare,,2,weak,low,scientificname; effects / therapeuticUses; preparation; region
althaea-officinalis,marshmallow root,,2,weak,low,scientificname; effects / therapeuticUses; preparation; region
melissa-officinalis-lemon-balm,melissa officinalis (lemon balm),,2,weak,low,scientificname; effects / therapeuticUses; preparation; region
mescaline,mescaline,"3,4,5-trimethoxyphenethylamine",6,ready_for_research,high,
piper-auritum,mexican pepperleaf,,2,weak,low,scientificname; effects / therapeuticUses; preparation; region
tagetes-lucida,mexican tarragon,,2,weak,low,scientificname; effects / therapeuticUses; preparation; region
mimosa-hostilis,mimosa hostilis,,2,weak,low,scientificname; effects / therapeuticUses; preparation; region
mimosa-pudica,mimosa pudica,,2,weak,low,scientificname; effects / therapeuticUses; preparation; region
viscum-album,mistletoe,Viscum album,6,ready_for_research,high,
mitchella-repens,mitchella repens,,2,weak,low,scientificname; effects / therapeuticUses; preparation; region
mitragyna-hirsuta,mitragyna hirsuta,,2,weak,low,scientificname; effects / therapeuticUses; preparation; region
mormon-tea,mormon tea,,2,weak,low,scientificname; effects / therapeuticUses; preparation; region
ipomoea-tricolor,morning glory (heavenly blue),,2,weak,low,scientificname; effects / therapeuticUses; preparation; region
leonurus-cardiaca,motherwort,,2,weak,low,scientificname; effects / therapeuticUses; preparation; region
mucuna-pruriens,mucuna pruriens,,2,weak,low,scientificname; effects / therapeuticUses; preparation; region
artemisia-vulgaris,mugwort,,2,weak,low,scientificname; effects / therapeuticUses; preparation; region
muira-puama,muira puama,Ptychopetalum olacoides,4,ready_for_research,medium,preparation; region
verbascum-thapsus,mullein,,2,weak,low,scientificname; effects / therapeuticUses; preparation; region
mulungu,mulungu,Erythrina mulungu,4,ready_for_research,medium,preparation; region
myristica-fragrans,myristica fragrans,,2,weak,low,scientificname; effects / therapeuticUses; preparation; region
nelumbo-nucifera,nelumbo nucifera,,2,weak,low,scientificname; effects / therapeuticUses; preparation; region
nicotiana-rustica,nicotiana rustica,,2,weak,low,scientificname; effects / therapeuticUses; preparation; region
nicotiana-tabacum,nicotiana tabacum,,2,weak,low,scientificname; effects / therapeuticUses; preparation; region
nymphaea-ampla,nymphaea ampla,,2,weak,low,scientificname; effects / therapeuticUses; preparation; region
nymphaea-lotus,nymphaea lotus,,2,weak,low,scientificname; effects / therapeuticUses; preparation; region
nymphaea-rubra,nymphaea rubra,,2,weak,low,scientificname; effects / therapeuticUses; preparation; region
ocimum-sanctum-holy-basil-tulsi,ocimum sanctum (holy basil / tulsi),,2,weak,low,scientificname; effects / therapeuticUses; preparation; region
opium-poppy,opium poppy,,2,weak,low,scientificname; effects / therapeuticUses; preparation; region
passiflora-incarnata,passionflower,,2,weak,low,scientificname; effects / therapeuticUses; preparation; region
paullinia-yoco,paullinia yoco,,2,weak,low,scientificname; effects / therapeuticUses; preparation; region
pausinystalia-yohimbe,pausinystalia yohimbe,,2,weak,low,scientificname; effects / therapeuticUses; preparation; region
pedicularis-densiflora-indian-warrior,pedicularis densiflora (indian warrior),,5,partial,high,scientificname
pedicularis-groenlandica,pedicularis groenlandica,,5,partial,high,scientificname
mentha-piperita,peppermint,,2,weak,low,scientificname; effects / therapeuticUses; preparation; region
perilla-frutescens,perilla frutescens,,2,weak,low,scientificname; effects / therapeuticUses; preparation; region
peruvian-torch,peruvian torch,,2,weak,low,scientificname; effects / therapeuticUses; preparation; region
petasites-hybridus,petasites hybridus,,2,weak,low,scientificname; effects / therapeuticUses; preparation; region
peumus-boldus,peumus boldus,,2,weak,low,scientificname; effects / therapeuticUses; preparation; region
lophophora-williamsii,peyote,Lophophora williamsii,4,ready_for_research,medium,preparation; region
pimenta-dioica,pimenta dioica,,2,weak,low,scientificname; effects / therapeuticUses; preparation; region
spigelia-marilandica,pinkroot,,2,weak,low,scientificname; effects / therapeuticUses; preparation; region
piper-auritum-root-beer-plant,piper auritum (root beer plant),,2,weak,low,scientificname; effects / therapeuticUses; preparation; region
piper-methysticum,piper methysticum,,2,weak,low,scientificname; effects / therapeuticUses; preparation; region
pogostemon-cablin,pogostemon cablin,,2,weak,low,scientificname; effects / therapeuticUses; preparation; region
polygala-tenuifolia,polygala tenuifolia,,2,weak,low,scientificname; effects / therapeuticUses; preparation; region
zanthoxylum-americanum,prickly ash,,2,weak,low,scientificname; effects / therapeuticUses; preparation; region
psilocybin,psilocybin,Psilocybin,6,ready_for_research,high,
psychotria-carthagenensis,psychotria carthagenensis,,2,weak,low,scientificname; effects / therapeuticUses; preparation; region
psychotria-carthaginensis,psychotria carthaginensis,,2,weak,low,scientificname; effects / therapeuticUses; preparation; region
ptychopetalum-olacoides,ptychopetalum olacoides,,2,weak,low,scientificname; effects / therapeuticUses; preparation; region
nymphaea-nouchali,red/blue water lily,,2,weak,low,scientificname; effects / therapeuticUses; preparation; region
reishi-mushroom,reishi mushroom,,2,weak,low,scientificname; effects / therapeuticUses; preparation; region
rhodiola,rhodiola,Rhodiola rosea,4,ready_for_research,high,preparation; region
rhodiola-rosea,rhodiola rosea,,2,weak,low,scientificname; effects / therapeuticUses; preparation; region
rhododendron-anthopogon,rhododendron anthopogon,,2,weak,low,scientificname; effects / therapeuticUses; preparation; region
rivea-corymbosa,rivea corymbosa,,5,partial,high,scientificname
rubus-idaeus,rubus idaeus,,2,weak,low,scientificname; effects / therapeuticUses; preparation; region
ruta-graveolens,ruta graveolens,,2,weak,low,scientificname; effects / therapeuticUses; preparation; region
sacred-basil,sacred basil,Ocimum tenuiflorum (Tulsi),4,ready_for_research,medium,preparation; region
sakae-naa,sakae naa,,2,weak,low,scientificname; effects / therapeuticUses; preparation; region
salvia,salvia,Salvia divinorum,4,ready_for_research,medium,preparation; region
salvia-apiana,salvia apiana,,2,weak,low,scientificname; effects / therapeuticUses; preparation; region
salvia-divinorum,salvia divinorum,,5,partial,high,scientificname
salvia-sclarea,salvia sclarea,,2,weak,low,scientificname; effects / therapeuticUses; preparation; region
san-pedro,san pedro,Echinopsis pachanoi,4,ready_for_research,medium,preparation; region
sananga,sananga,Tabernaemontana sananho,4,ready_for_research,medium,preparation; region
sanango,sanango,,2,weak,low,scientificname; effects / therapeuticUses; preparation; region
sassafras,sassafras,,2,weak,low,scientificname; effects / therapeuticUses; preparation; region
sceletium-tortuosum-kanna,sceletium tortuosum (kanna),,5,partial,high,scientificname
scullcap-scutellaria,scullcap (scutellaria),,2,weak,low,scientificname; effects / therapeuticUses; preparation; region
scutellaria-lateriflora,scutellaria lateriflora,,2,weak,low,scientificname; effects / therapeuticUses; preparation; region
zingiber-zerumbet,shampoo ginger,,2,weak,low,scientificname; effects / therapeuticUses; preparation; region
convolvulus-pluricaulis,shankhpushpi,,2,weak,low,scientificname; effects / therapeuticUses; preparation; region
siberian-motherwort,siberian motherwort,Leonurus sibiricus,4,ready_for_research,medium,preparation; region
zanthoxylum-bungeanum,sichuan pepper,,2,weak,low,scientificname; effects / therapeuticUses; preparation; region
sida-acuta,sida acuta,,2,weak,low,scientificname; effects / therapeuticUses; preparation; region
silene-capensis,silene capensis,,2,weak,low,scientificname; effects / therapeuticUses; preparation; region
silene-undulata,silene undulata,,2,weak,low,scientificname; effects / therapeuticUses; preparation; region
silphium-extinct,silphium (extinct),,2,weak,low,scientificname; effects / therapeuticUses; preparation; region
silybum-marianum,silybum marianum,,2,weak,low,scientificname; effects / therapeuticUses; preparation; region
sinicuichi,sinicuichi,,2,weak,low,scientificname; effects / therapeuticUses; preparation; region
skullcap,skullcap,Scutellaria lateriflora,4,ready_for_research,high,preparation; region
sophora-secundiflora,sophora secundiflora,,2,weak,low,scientificname; effects / therapeuticUses; preparation; region
vachellia-farnesiana,sweet acacia,,2,weak,low,scientificname; effects / therapeuticUses; preparation; region
sweet-flag,sweet flag,Acorus calamus,4,ready_for_research,medium,preparation; region
viola-odorata,sweet violet,,2,weak,low,scientificname; effects / therapeuticUses; preparation; region
sweetgrass,sweetgrass,,2,weak,low,scientificname; effects / therapeuticUses; preparation; region
peganum-harmala,syrian rue,,2,weak,low,scientificname; effects / therapeuticUses; preparation; region
tabernaemontana-undulata,tabernaemontana undulata,,2,weak,low,scientificname; effects / therapeuticUses; preparation; region
tabernanthe-iboga,tabernanthe iboga,,2,weak,low,scientificname; effects / therapeuticUses; preparation; region
tagetes-lucida-mexican-tarragon,tagetes lucida (mexican tarragon),,2,weak,low,scientificname; effects / therapeuticUses; preparation; region
tamarindus-indica,tamarindus indica,,2,weak,low,scientificname; effects / therapeuticUses; preparation; region
tetradenia-riparia,tetradenia riparia,,2,weak,low,scientificname; effects / therapeuticUses; preparation; region
thc,thc,Δ9-Tetrahydrocannabinol (from Cannabis sativa/indica),4,ready_for_research,medium,preparation; region
thymus-vulgaris,thymus vulgaris,,2,weak,low,scientificname; effects / therapeuticUses; preparation; region
tilia-europaea-linden-flower,tilia europaea (linden flower),,2,weak,low,scientificname; effects / therapeuticUses; preparation; region
tilia-tomentosa,tilia tomentosa,,2,weak,low,scientificname; effects / therapeuticUses; preparation; region
toloache,toloache,,2,weak,low,scientificname; effects / therapeuticUses; preparation; region
tonga-root,tonga root,Erythrina variegata,4,ready_for_research,medium,preparation; region
eurycoma-longifolia,tongkat ali,Eurycoma longifolia,4,ready_for_research,medium,preparation; region
acmella-oleracea,toothache plant,,2,weak,low,scientificname; effects / therapeuticUses; preparation; region
tropaeolum-majus,tropaeolum majus,,2,weak,low,scientificname; effects / therapeuticUses; preparation; region
tulsi,tulsi,Ocimum tenuiflorum,4,ready_for_research,high,preparation; region
curcuma-longa,turmeric,,2,weak,low,scientificname; effects / therapeuticUses; preparation; region
turnera-diffusa,turnera diffusa,,2,weak,low,scientificname; effects / therapeuticUses; preparation; region
turnera-diffusa-aphrodisiaca,turnera diffusa var. aphrodisiaca,,2,weak,low,scientificname; effects / therapeuticUses; preparation; region
turnera-ulmifolia,turnera ulmifolia,,2,weak,low,scientificname; effects / therapeuticUses; preparation; region
zornia-diphylla,twinleaf zornia,,2,weak,low,scientificname; effects / therapeuticUses; preparation; region
tylophora-indica,tylophora indica,Tylophora indica,6,ready_for_research,high,
tynanthus-panurensis,tynanthus panurensis,,2,weak,low,scientificname; effects / therapeuticUses; preparation; region
uncaria-rhynchophylla,uncaria rhynchophylla,,2,weak,low,scientificname; effects / therapeuticUses; preparation; region
uncaria-tomentosa,uncaria tomentosa,,2,weak,low,scientificname; effects / therapeuticUses; preparation; region
urtica-dioica,urtica dioica,,2,weak,low,scientificname; effects / therapeuticUses; preparation; region
arctostaphylos-uva-ursi,uva ursi,,2,weak,low,scientificname; effects / therapeuticUses; preparation; region
valeriana-officinalis,valerian,,2,weak,low,scientificname; effects / therapeuticUses; preparation; region
valerian-root,valerian root,,2,weak,low,scientificname; effects / therapeuticUses; preparation; region
valeriana-jatamansi,valeriana jatamansi,,2,weak,low,scientificname; effects / therapeuticUses; preparation; region
verbena-officinalis,verbena officinalis,,2,weak,low,scientificname; effects / therapeuticUses; preparation; region
viola-odorata-sweet-violet,viola odorata (sweet violet),,2,weak,low,scientificname; effects / therapeuticUses; preparation; region
virola-spp,virola spp.,Virola spp.,6,ready_for_research,high,
virola-theiodora,virola theiodora,,2,weak,low,scientificname; effects / therapeuticUses; preparation; region
voacanga-africana,voacanga africana,,2,weak,low,scientificname; effects / therapeuticUses; preparation; region
white-lily,white lily,,2,weak,low,scientificname; effects / therapeuticUses; preparation; region
white-sage,white sage,,2,weak,low,scientificname; effects / therapeuticUses; preparation; region
wild-dagga,wild dagga,,2,weak,low,scientificname; effects / therapeuticUses; preparation; region
ziziphus-spinosa,wild jujube seed,,2,weak,low,scientificname; effects / therapeuticUses; preparation; region
lactuca-virosa,wild lettuce,,2,weak,low,scientificname; effects / therapeuticUses; preparation; region
withania-somnifera-ashwagandha,withania somnifera (ashwagandha),,2,weak,low,scientificname; effects / therapeuticUses; preparation; region
wormwood,wormwood,,2,weak,low,scientificname; effects / therapeuticUses; preparation; region
achillea-millefolium,yarrow,,2,weak,low,scientificname; effects / therapeuticUses; preparation; region
yellow-horned-poppy,yellow horned poppy,,2,weak,low,scientificname; effects / therapeuticUses; preparation; region
ilex-paraguariensis,yerba mate,,2,weak,low,scientificname; effects / therapeuticUses; preparation; region
yerba-mat,yerba maté,Ilex paraguariensis,5,ready_for_research,high,region
pausinystalia-johimbe,yohimbe,,2,weak,low,scientificname; effects / therapeuticUses; preparation; region
yopo,yopo,,2,weak,low,scientificname; effects / therapeuticUses; preparation; region
zanthoxylum-clava-herculis,zanthoxylum clava-herculis,,2,weak,low,scientificname; effects / therapeuticUses; preparation; region
,,,1,weak,low,name; scientificname; effects / therapeuticUses; preparation; region
